textId,characterName,characterImage,text,nextId,specialActionId,fileId,documentSetId,option1,option1NextId,option2,option2NextId,option3,option3NextId,option4,option4NextId,option5,option5NextId,UnlockFileID,UnlockType,UnlockContent
1,Joshua,CultCat/Cult_WithHood,I follow your will.,2,,,,,,,,,,,,,,,,
2,,CultCat/Cult_WithHood,"Although you knew about his pedantic habit from before, you still haven't gotten used to it.",3,,,,,,,,,,,,,,,,
3,Player,CultCat/Cult_WithHood,Let's just chat normally.,4,,,,,,,,,,,,,,,,
4,Joshua,CultCat/Cult_WithHood,"Naturally, I shall speak of all things.",5,,,,,,,,,,,,,,,,
5,Player,CultCat/Cult_WithHood,"(Forget it, getting him to change probably won't happen quickly anyway.)",6,,,,,,,,,,,,,,,,
6,Player,CultCat/Cult_WithHood,"According to the documents, you don't seem to remember your cause of death?",7,,,,,,,,,,,,,,,,
7,Joshua,CultCat/Cult_WithHood,That is correct.,8,,,,,,,,,,,,,,,,
8,Player,CultCat/Cult_WithHood,"Well then, I'll ask some questions next. If you remember anything, let me know.",,1,,,Contraband,9,Life,16,,,,,,,,,
9,Player,CultCat/Cult_WithHood,This leaf you're carrying is a potent poison. Did you know that?,10,,,,,,,,,,,,,,,,
10,Joshua,CultCat/Cult_WithHood,Poison? How can that be? The Priest said this is a trial given to us by the Holy Mother.,11,,,,,,,,,,,,,,,,
11,,CultCat/Cult_WithHood,"The kitten's eyes widen, verbally denying it.",12,,,,,,,,,,,,,,,,
12,Player,CultCat/Cult_WithHood,Trial?,13,,,,,,,,,,,,,,,,
13,Joshua,CultCat/Cult_WithHood,"After consuming it, our souls leave our bodies and approach the Supreme Being.",14,,,,,,,,,,,,,,,,
14,Joshua,CultCat/Cult_WithHood,"The Priest said, brothers and sisters who cannot withstand the test will return to the Holy Mother's side, and only those who succeed can continue their practice.",15,,,,,,,,,,,,,,,,
15,Player,CultCat/Cult_WithHood,"(Calling the hallucinations and confusion caused by toxicity the power of a deity, and talking about 'failing the test'... It's clearly poisoning!)",16,,,,,,,,,,,,,,,,
16,Player,CultCat/Cult_WithHood,I must remind you—,17,,,,,,,,,,,,,,,,
17,Joshua,CultCat/Cult_WithHood,"Everything is false, isn't it?",18,,,,,,,,,,,,,,,,
18,Joshua,CultCat/Cult_WithHood,I don't believe you! You haven't been to Heaven! How do I know you're not lying to me?,19,,,,,,,,,,,,,,,,
19,,CultCat/Cult_WithHood,"You are speechless. You have no reason to lie to him, but he is just unwilling to let his faith collapse and doesn't really expect an answer from you.",20,,,,,,,,,,,,,,,,
20,Joshua,CultCat/Cult_WithHood,"When I go to Heaven, I will see it with my own eyes!",21,,,,,,,,,,,,,,,,
21,Player,CultCat/Cult_WithHood,Next...,,1,,,Angel,34,That cat...,56,,,,,,,,,
22,Player,CultCat/Cult_WithHood,Can you tell me about your life? Have you always lived in a place like a monastery?,23,,,,,,,,,,,,,,,,
23,Joshua,CultCat/Cult_WithHood,"Foolish! The Priest bears the duty of the 'Witness' and travels the land. We naturally accompany him, offering our assistance.",24,,,,,,,,,,,,,,,,
24,,CultCat/Cult_WithHood,"Seemingly annoyed by a stupid question, Joshua mutters discontentedly, too low to make out clearly.",25,,,,,,,,,,,,,,,,
25,Player,CultCat/Cult_WithHood,So you've never settled in one place?,26,,,,,,,,,,,,,,,,
26,Joshua,CultCat/Cult_WithHood,......,27,,,,,,,,,,,,,,,,
27,,CultCat/Cult_WithHood,"He is unwilling to answer, just beating around the bush.",28,,,,,,,,,,,,,,,,
28,Joshua,CultCat/Cult_WithHood,"Our Holy Mother has been slumbering for many years. Many beings have long forgotten the Holy Mother's revered name and are unwilling to listen to the holy words. The world is like this, chilling our hearts.",29,,,,,,,,,,,,,,,,
29,Player,CultCat/Cult_WithHood,"(As a cult, they must face expulsion and arrest. This so-called 'traveling' is probably just the Priest's rhetoric.<br>)",30,,,,,,,,,,,,,,,,
30,Player,CultCat/Cult_WithHood,"You're amazing, life must have been hard, right?",31,,,,,,,,,,,,,,,,
31,Joshua,CultCat/Cult_WithHood,Really? I don't think it was particularly hard.,32,,,,,,,,,,,,,,,,
32,,CultCat/Cult_WithHood,"You are speechless. Having lived in hardship since childhood, he has long taken it for granted.",33,,,,,,,,,,,,,,,,
33,Player,CultCat/Cult_WithHood,Next...,,1,,,Symbolic Necklace,49,That cat...,56,,,,,,,,,
34,Player,CultCat/Cult_WithHood,Can you tell me what you went through to gain the qualification to become an 'angel'?,35,,,,,,,,,,,,,,,,
35,Joshua,CultCat/Cult_WithHood,"You already said it's fake, why should I say anything?",36,,,,,,,,,,,,,,,,
36,,CultCat/Cult_WithHood,"Because you repeatedly denied his faith, he seems a bit angry and no longer uses those pedantic phrases.",37,,,,,,,,,,,,,,,,
37,Player,CultCat/Cult_WithHood,"But you must have something special to become an angel, right? A natural gift? Or does it require ascetic practice?",38,,,,,,,,,,,,,,,,
38,,CultCat/Cult_WithHood,"Sure enough, after being coaxed a bit, Joshua takes the bait and starts talking incessantly.",39,,,,,,,,,,,,,,,,
39,Joshua,CultCat/Cult_WithHood,It's much more than that!,40,,,,,,,,,,,,,,,,
40,Joshua,CultCat/Cult_WithHood,"First, you must remain pure! Otherwise, connecting with Mother on a soul level is simply impossible.",41,,,,,,,,,,,,,,,,
41,Joshua,CultCat/Cult_WithHood,My age is the best for this.,42,,,,,,,,,,,,,,,,
42,,CultCat/Cult_WithHood,This is not surprising; most religions emphasize this.,43,,,,,,,,,,,,,,,,
43,Player,CultCat/Cult_WithHood,"But there must be more to it, right?",44,,,,,,,,,,,,,,,,
44,Joshua,CultCat/Cult_WithHood,"Correct! Next, you must undergo screening.",45,,,,,,,,,,,,,,,,
45,Player,CultCat/Cult_WithHood,Screening?,46,,,,,,,,,,,,,,,,
46,,CultCat/Cult_WithHood,"Joshua originally wanted to say more, but he pauses and ultimately just lets out a profound hum, saying nothing further.",47,,,,,,,,,,,,,,,,
47,Player,CultCat/Cult_WithHood,(Perhaps this involves some 'secrets' of their religion......<br>),48,,,,,,,,,,,,,,,,
48,Player,CultCat/Cult_WithHood,You still want to ask...,,1,,,Cause of death,69,Ask more,8,,,,,,,,,
49,Player,CultCat/Cult_WithHood,Is that necklace of yours the symbol of the Holy Mother?,50,,,,,,,,,,,,,,,,
50,Joshua,CultCat/Cult_WithHood,No mistake.,51,,,,,,,,,,,,,,,,
51,Joshua,CultCat/Cult_WithHood,"As a witness, one must wear the symbol of the Holy Mother while traveling.",52,,,,,,,,,,,,,,,,
52,Joshua,CultCat/Cult_WithHood,"Mother is merciful, protecting her children, granting them strength.",53,,,,,,,,,,,,,,,,
53,Player,CultCat/Cult_WithHood,Was this also taught by the Priest?,54,,,,,,,,,,,,,,,,
54,Joshua,CultCat/Cult_WithHood,"Of course. The Priest is the spokesperson of the Holy Mother on earth, every word teaching us the greatness of the Holy Mother.",55,,,,,,,,,,,,,,,,
55,Player,CultCat/Cult_WithHood,You still want to ask...,,1,,,The Priest,83,Ask more,8,,,,,,,,,
56,,CultCat/Cult_WithHood,You show Joshua a photo of Bob.,57,,,,,,,,,,,,,,,,
57,Player,CultCat/Cult_WithHood,Have you ever seen this cat before?,58,,,,,,,,,,,,,,,,
58,,CultCat/Cult_WithHood,"His information is incomplete, and he can't remember anything himself. Helpless, you become the cat holding a photo and broadcasting a 'missing cat notice' everywhere.",59,,,,,,,,,,,,,,,,
59,,CultCat/Cult_WithHood,"Joshua is so young, to be honest, you didn't have much hope.",60,,,,,,,,,,,,,,,,
60,Joshua,CultCat/Cult_WithHood,......He seems to have lived with us for a while before.,61,,,,,,,,,,,,,,1,4,sex
61,Player,CultCat/Cult_WithHood,Really?,62,,,,,,,,,,,,,,,,
62,,CultCat/Cult_WithHood,The timeline here is chaotic; the order of cats' time of death and their souls' arrival here has no reference value to each other.,63,,,,,,,,,,,,,,,,
63,,CultCat/Cult_WithHood,"So, although Joshua is so young, it's entirely possible that Bob arrived here first.",64,,,,,,,,,,,,,,,,
64,Joshua,CultCat/Cult_WithHood,"I can't say clearly, we were all still very young at that time.",65,,,,,,,,,,,,,,,,
65,Joshua,CultCat/Cult_WithHood,"We kittens were all orphans, saved by the Priest. After that, many cats couldn't withstand the practice and ran away.",66,,,,,,,,,,,,,,,,
66,Joshua,CultCat/Cult_WithHood,It might also just be a coincidence that they look similar.,67,,,,,,,,,,,,,,,,
67,,CultCat/Cult_WithHood,"The kitten pouts, shaking his head saying he doesn't remember anything else besides this.",68,,,,,,,,,,,,,,,,
68,Player,CultCat/Cult_WithHood,You still want to ask...,,1,,,The Priest,83,Ask more,,,,,,,,,,
69,Player,CultCat/Cult_WithHood,"I imagine there aren't many who can become a Witness like you, right? You must have witnessed all the myriad forms of life in the world.",70,,,,,,,,,,,,,,,,
70,Joshua,CultCat/Cult_WithHood,That is natural.,71,,,,,,,,,,,,,,,,
71,Joshua,CultCat/Cult_WithHood,All of this is for the Holy Mother. The Holy Mother has awakened from her slumber and urgently needs us to offer our purest faith.,72,,,,,,,,,,,,,,,,
72,,CultCat/Cult_WithHood,"Deities draw power from earthly beings; although this is already a common form, you ultimately couldn't bear to deny him again, seeing the reverence shining in Joshua's eyes.",73,,,,,,,,,,,,,,,,
73,Player,CultCat/Cult_WithHood,So you came here? To devote yourself to the Holy Mother?,74,,,,,,,,,,,,,,,,
74,Joshua,CultCat/Cult_WithHood,Oh! Precisely!,75,,,,,,,,,,,,,,,,
75,Joshua,CultCat/Cult_WithHood,"Exactly so! I remember now, I completed the ritual under the Priest's guidance!",76,,,,,,,,,,,,,,,,
76,Player,CultCat/Cult_WithHood,Ritual?,77,,,,,,,,,,,,,,,,
77,Player,CultCat/Cult_WithHood,(It couldn't be a sacrifice...?),78,,,,,,,,,,,,,,2,4,Sacrificed
78,Joshua,CultCat/Cult_WithHood,This involves many steps; I cannot explain it clearly to you...,79,,,,,,,,,,,,,,,,
79,Player,CultCat/Cult_WithHood,"Like those ascetics? Fasting, vegetarianism, all-night meditation?",80,,,,,,,,,,,,,,,,
80,,CultCat/Cult_WithHood,"Joshua falls silent, saying no more. But you have formed your own suspicions and decide not to press further.",81,,,,,,,,,,,,,,,,
81,Player,CultCat/Cult_WithHood,"Sorry, I'm just really curious.",82,,,,,,,,,,,,,,,,
82,Joshua,CultCat/Cult_WithHood,...You have not received the Holy Mother's baptism; it is not appropriate for me to tell you more.,96,,,,,,,,,,,,,,,,
83,Player,CultCat/Cult_WithHood,It sounds like the Priest not only takes care of your daily lives but also travels extensively?,84,,,,,,,,,,,,,,,,
84,Joshua,CultCat/Cult_WithHood,Exactly so. The Priest sheltered us in our youth and enlightened us.,85,,,,,,,,,,,,,,,,
85,Joshua,CultCat/Cult_WithHood,Only after we formally received the Holy Mother's radiant baptism did we embark on our journey of travel.,86,,,,,,,,,,,,,,,,
86,,CultCat/Cult_WithHood,"You already know he is in a cult, and now you also feel doubt about that Priest's ""care"" and ""protection"".",87,,,,,,,,,,,,,,,,
87,Player,CultCat/Cult_WithHood,What about your parents?,88,,,,,,,,,,,,,,,,
88,Joshua,CultCat/Cult_WithHood,......,89,,,,,,,,,,,,,,,,
89,Joshua,CultCat/Cult_WithHood,"The Holy Mother is our supreme mother; the Priest, as her spokesperson on earth, is our father on earth.",90,,,,,,,,,,,,,,,,
90,Player,CultCat/Cult_WithHood,(He is an orphan.),91,,,,,,,,,,,,,,,,
91,Player,CultCat/Cult_WithHood,"That Priest was really good to you, wasn't he?",92,,,,,,,,,,,,,,,,
92,Joshua,CultCat/Cult_WithHood,Of course.,93,,,,,,,,,,,,,,,,
93,Joshua,CultCat/Cult_WithHood,"If it weren't for him, we would have long since died from hunger and cold.",94,,,,,,,,,,,,,,,,
94,,CultCat/Cult_WithHood,A glimmer of moisture flashes in his eyes.,95,,,,,,,,,,,,,,,,
95,Joshua,CultCat/Cult_WithHood,"Ah, how I wish I could see him again. May the Holy Mother bless him.",96,,,,,,,,,,,,,,,,
96,Joshua,CultCat/Cult_WithHood,Is there anything else you wish to ask?,97,,,,,,,,,,,,,,,,
97,Player,CultCat/Cult_WithHood,"No, that's all.",98,,,,,,,,,,,,,,,,
98,,,"The young kitten takes his leave with perfect politeness, the doorbell chiming softly as he departs.",,2,,,,,,,,,,,,,,,