ChapterId,textId,characterName,characterImage,text,nextId,specialActionId,option1,option1NextId,option2,option2NextId,option3,option3NextId,option4,option4NextId,option5,option5NextId,HeavenId,NotApprovedId
1,1,,,在申请所的门外，出现了一个打扮花哨华丽的人物。她透过玻璃望向里面，又几次抬头，似乎在确认门口的标识。,2,,,,,,,,,,,,,
1,2,,,随着你按下开门的开关，从门口传来了轻快的声音。,3,,,,,,,,,,,,,
1,3,???,IdolCat/Idol_Normal,你好！这里就是，申请所喵？,4,,,,,,,,,,,,,
1,4,Player,IdolCat/Idol_Happy,是的，这里就是。,5,,,,,,,,,,,,,
1,5,,IdolCat/Idol_Happy,随着她走到窗口前，先是一阵馥郁的花香飘了过来，你耸了耸鼻头。这香水味对于猫来说实在是过量了。,6,,,,,,,,,,,,,
1,6,???,IdolCat/Idol_Normal,不好意思喵。这里的外观比我想象的要质朴。我在外头迷路了几圈。,7,,,,,,,,,,,,,
1,7,???,IdolCat/Idol_Normal,不过我猜我对街道也不够了解喵。,8, ,,,,,,,,,,,,
1,8,,IdolCat/Idol_Happy,你抬头，与安哥拉猫对上视线。那一身被精细打理过而蓬松的毛发与她华丽的服饰相称，一对异色的瞳孔也很是少见。你多看了两眼。,9,,,,,,,,,,,,,
1,9,,IdolCat/Idol_Happy,对方似乎早已习惯被盯着看，眯着眼睛露出一个微笑来。,10,,,,,,,,,,,,,
1,10,Player,IdolCat/Idol_Normal,看得出来，你不是会在街上随处可见的那种人，想必以前不必事事都亲力亲为。,11,,,,,,,,,,,,,
1,11,,IdolCat/Idol_Normal,这话似乎戳中了对方的某个点，让她愉悦地抖了抖耳朵，嘴角和胡须都微微翘起。,12,,,,,,,,,,,,,
1,12,???,IdolCat/Idol_Normal,总算有人看出来了！我还以为我的人气已经下滑那么严重了！,14,,,,,,,,,,,,,
1,13,Player,IdolCat/Idol_Normal,抱歉，你指的是什么？,14,,,,,,,,,,,,,
1,14,???,IdolCat/Idol_Normal,噢，好吧，看起来你也不认识我。我是名偶像，曾经是。,15,,,,,,,,,,,,,
1,15,???,IdolCat/Idol_Normal,无论如何，这是我的档案。请收下喵~,16,,,,,,,,,,,,,
1,16,,IdolCat/Idol_Normal,她的情绪来去得很快，有些刻意又有些夸张。和她一样，她的档案也沾染了同样的香水气味。,17,3,,,,,,,,,,,17,19
1,17,IdolCat,IdolCat/Idol_Happy,哦！天呐！,18,,,,,,,,,,,,,
1,18,IdolCat,IdolCat/Idol_Happy,太感谢你了！！,21,,,,,,,,,,,,,
1,19,IdolCat,IdolCat/Idol_Normal,哦……好吧，这没有什么可抱怨的。,20,,,,,,,,,,,,,
1,20,IdolCat,IdolCat/Idol_Normal,下一次，希望你能偏爱我一点～,21,,,,,,,,,,,,,
1,21,,,这只漂亮的安哥拉猫轻盈地离开，只剩一个倩影和香水气味。,22,,,,,,,,,,,,,
1,22,,,看她的样子，生前果真是一位专业明星，即使她的粉丝有些奇怪...,23,,,,,,,,,,,,,
1,23,,,你收回了目光，将好奇暂且压了下去。,24,2,,,,,,,,,,,,