ChapterId,textId,characterName,characterImage,text,nextId,specialActionId,fileId,documentSetId,option1,option1NextId,option2,option2NextId,option3,option3NextId,option4,option4NextId,option5,option5NextId,UnlockFileID,UnlockType,UnlockContent
1,1,,,因为申请所掌握着最高决策的权利，这里的安保设施十分完善。每一位申请人都需要按响门铃，由在申请所的员工解锁才能够进入。,2,,,,,,,,,,,,,,,,
1,2,,,至少，本应该是如此的。,3,,,,,,,,,,,,,,,,
1,3,???,CultCat/Cult_Hood,你好。,4,,,,,,,,,,,,,,,,
1,4,,CultCat/Cult_Hood,你猛得抬头，被出乎意料的声音吓了一跳。,5,,,,,,,,,,,,,,,,
1,5,,CultCat/Cult_Hood,来者几乎是一抹影子，神不知鬼不觉地来到了你的柜台前。,6,,,,,,,,,,,,,,,,
1,6,,CultCat/Cult_Hood,对方的身材矮小，面容被兜帽遮掩，声音也被刻意压低，分不清男女。那阴暗诡异的模样让你竖起防备。,7,,,,,,,,,,,,,,,,
1,7,Player,CultCat/Cult_Hood,有什么事吗？,8,,,,,,,,,,,,,,,,
1,8,,CultCat/Cult_Hood,从那披风下，露出一节手臂，递过来你最熟悉不过的申请表和相关资料。,9,,,,,,,,,,,,,,,,
1,9,,CultCat/Cult_Hood,你接过来，狐疑地展开来看。,10,,,,,,,,,,,,,,,,
1,10,Player,CultCat/Cult_Hood,（姓名，神之子，种族，神的子民...性别，无性别...携带物品...天使证？）,11,,,,,,,,,,,,,,,,
1,11,Player,CultCat/Cult_Hood,（这是碰上了精神病患者还是极端狂热的宗教狂？）,12,,,,,,,,,,,,,,,,
1,12,,CultCat/Cult_Hood,你把资料和申请表都一并退了回去，将空白的文件也递过去。,13,,,,,,,,,,,,,,,,
1,13,Player,CultCat/Cult_Hood,抱歉，资料上必须按照你在现实生活时的真实资料来填写。那边有笔可以自取。,14,,,,,,,,,,,,,,,,
1,14,???,CultCat/Cult_Hood,我之所书写皆为真，我之所言皆为实。我即为神之子，应当即刻回归我那在天之母的怀抱。,15,,,,,,,,,,,,,,,,
1,15,Player,CultCat/Cult_Hood,（在天之母？一般不都是在天之父吗？）,16,,,,,,,,,,,,,,,,
1,16,Player,CultCat/Cult_Hood,抱歉，这位…不知道是先生还是女士，所有猫咪无论身平在这儿都要按照章程办事。,17,,,,,,,,,,,,,,,,
1,17,Player,CultCat/Cult_Hood,麻烦你重新填写正确信息，之后我们才能够开始审理你的材料。,18,,,,,,,,,,,,,,,,
1,18,???,CultCat/Cult_Hood,章程。,19,,,,,,,,,,,,,,,,
1,19,,CultCat/Cult_Hood,它重复着你的话，近似喃喃自语。在一阵沉默之后，你听见它再次开口。,20,,,,,,,,,,,,,,,,
1,20,Joshua,CultCat/Cult_Hood,我是我圣母的天使，乃是见证者，为其见证世间轮转不息。在世间，我知所有生灵受蒙蔽，不识我的母亲。,21,,,,,,,,,,,,,,,,
1,21,Joshua,CultCat/Cult_Hood,但在这里，经历过圣洁洗礼、苦难历练的我难道不应当能最先与母亲相见吗？,22,,,,,,,,,,,,,,,,
1,22,,CultCat/Cult_Hood,它所说的一切内容都是那样的匪夷所思，一切情绪波动却都是真情流露。,23,,,,,,,,,,,,,,,,
1,23,Player,CultCat/Cult_Hood,很抱歉，我虽然也未曾抵达天堂，但是这里的猫都知道，天使并非世间生灵，也从未听说过“见证者”。,24,,,,,,,,,,,,,,,,
1,24,Player,CultCat/Cult_Hood,另外，我们会需要录入你的面貌信息，请摘下兜帽。,25,,,,,,,,,,,,,,,,
1,25,,CultCat/Cult_Hood,即使不见它的神情，你也可以从它周身的氛围感觉到对方的震惊。,26,,,,,,,,,,,,,,,,
1,26,,CultCat/Cult_Bare,它最后似乎妥协了，伸手摘下了他的兜帽。他分明还是只小猫。,27,,,,,,,,,,,,,,,,
1,27,???,CultCat/Cult_Bare,请稍等一下。,28,,,,,,,,,,,,,,,,
1,28,,CultCat/Cult_Bare,很快，他重新回到窗口前，递上了重新填写的文档。,29,3,2,2,,,,,,,,,,,,,
1,29,,CultCat/Cult_Bare,有什么想要问的？,,1,,,年龄,30,如何进入申请所,38,,,,,,,,,
1,30,,CultCat/Cult_Bare,你的心情百感交集，对他的年龄始料未及。他两次上交的文件上都没有幼猫常出现的拼写错误，或者字迹模糊的问题。,31,,,,,,,,,,,,,,,,
1,31,Player,CultCat/Cult_Bare,真是一手漂亮的字，小先生。,32,,,,,,,,,,,,,,,,
1,32,Player,CultCat/Cult_Bare,你是从什么时候起开始学习读写的呢？,33,,,,,,,,,,,,,,,,
1,33,Joshua,CultCat/Cult_Bare,感谢您的欣赏。,34,,,,,,,,,,,,,,,,
1,34,Joshua,CultCat/Cult_Bare,从我记事起，神父就替我们所有人讲解圣母的教诲。,35,,,,,,,,,,,,,,,,
1,35,Joshua,CultCat/Cult_Bare,圣母仁慈，给予我们餐食，使我们不为饮食担忧，使我们每日能放心安心学习。,36,,,,,,,,,,,,,,,,
1,36,,CultCat/Cult_Bare,尽管被告知了曾经被教导的“神”并不存在，但是说起过去的生活，他还是会习惯性地赞美那位“圣母”。,37,,,,,,,,,,,,,,,,
1,37,,CultCat/Cult_Bare,因为已经上报了真实的年龄，说到激动处，他不再刻意地压低声音，孩童声线清澈又明亮。,29,,,,,,,,,,,,,,,,
1,38,Player,CultCat/Cult_Bare,我没有听见按门铃的声音，你是怎么进来的？,39,,,,,,,,,,,,,,,,
1,39,Joshua,CultCat/Cult_Bare,圣母赐予我等力量，区区自动门——,40,,,,,,,,,,,,,,,,
1,40,Player,CultCat/Cult_Bare,小先生，所有猫在这里都平等，没有高低贵贱，特殊平凡之分。,41,,,,,,,,,,,,,,,,
1,41,,CultCat/Cult_Bare,你并非不相信“神秘力量”。这个死后世界的存在就足以将一切现有的科学推翻。,42,,,,,,,,,,,,,,,,
1,42,,CultCat/Cult_Bare,但是，来到这里的猫都是平等的。这一点毋庸置疑。,43,,,,,,,,,,,,,,,,
1,43,Joshua,CultCat/Cult_Bare,……,44,,,,,,,,,,,,,,,,
1,44,Joshua,CultCat/Cult_Bare,前头有人开门的时候我溜进来的。,45,,,,,,,,,,,,,,,,
1,45,Joshua,CultCat/Cult_Bare,你们这儿也没什么保安、打手。一扇门而已，没什么难度。,46,,,,,,,,,,,,,,,,
1,46,Player,CultCat/Cult_Bare,（听说世间有红外线、摄像头这一类新型安保设备了。有空和上级反馈一下吧。）,47,,,,,,,,,,,,,,,,
1,47,,CultCat/Cult_Bare,你还想要...,,1,,,追问,29,结束审问,48,,,,,,,,,
1,48,Player,CultCat/Cult_Bare,递交完档案之后，我们会进行相关的审查流程。,49,,,,,,,,,,,,,,,,
1,49,Player,CultCat/Cult_Bare,后续可能会再找你深入了解沟通。,50,,,,,,,,,,,,,,,,
1,50,Joshua,CultCat/Cult_Bare,噢，好。,51,,,,,,,,,,,,,,,,
1,51,Player,CultCat/Cult_Bare,虽然这里不比世间热闹，但是街道有不少店铺和玩乐的地方。,52,,,,,,,,,,,,,,,,
1,52,Player,CultCat/Cult_Bare,在等待期间，要是感兴趣的话，就去逛逛吧。,53,,,,,,,,,,,,,,,,
1,53,,CultCat/Cult_Bare,Joshua不吭声，不说不去也不说想去。他重新披上了兜帽，安静地离开了申请所。,,2,,,,,,,,,,,,,,,